2022-11-23 02:01:01.829 +0100 CET,0,0
2022-11-23 02:31:36.357 +0100 CET,0,0
2022-11-23 03:00:48.139 +0100 CET,0,0
2022-11-23 03:07:21.967 +0100 CET,8451,7
2022-11-23 03:07:21.97 +0100 CET,8451,7
2022-11-23 03:07:26.957 +0100 CET,0,0
2022-11-23 03:07:36.931 +0100 CET,0,0
2022-11-23 03:09:31.599 +0100 CET,3011,2
2022-11-23 03:09:36.588 +0100 CET,9543,9
2022-11-23 03:09:46.563 +0100 CET,4772,3
2022-11-23 03:09:59.6 +0100 CET,4772,3
2022-11-23 03:09:59.611 +0100 CET,4772,0
2022-11-23 03:10:06.62 +0100 CET,4772,0
2022-11-23 03:10:20.036 +0100 CET,4772,2
2022-11-23 03:10:27.049 +0100 CET,4772,2
2022-11-23 04:05:19.735 +0100 CET,4772,0
2022-11-23 05:00:12.186 +0100 CET,4772,0
2022-11-23 05:55:04.601 +0100 CET,4772,0
2022-11-23 06:49:57.102 +0100 CET,4772,0
2022-11-23 07:44:49.75 +0100 CET,4772,0
2022-11-23 08:00:24.106 +0100 CET,8451,7
2022-11-23 08:07:27.896 +0100 CET,11462,14
2022-11-23 08:11:47.156 +0100 CET,13223,21
2022-11-23 08:16:26.355 +0100 CET,14472,28
2022-11-23 08:21:15.53 +0100 CET,15441,35
2022-11-23 08:26:29.631 +0100 CET,16233,42
2022-11-23 08:30:18.976 +0100 CET,16902,49
2022-11-23 08:34:23.277 +0100 CET,17635,58
2022-11-23 08:39:42.364 +0100 CET,17635,57
2022-11-23 08:52:47.111 +0100 CET,18389,69
2022-11-23 08:54:41.781 +0100 CET,19139,82
2022-11-23 09:01:40.573 +0100 CET,19868,97
2022-11-23 09:06:44.708 +0100 CET,20607,115
2022-11-23 09:10:09.128 +0100 CET,21336,136
2022-11-23 09:14:23.404 +0100 CET,22042,160
2022-11-23 09:18:32.698 +0100 CET,22765,189
2022-11-23 09:19:57.459 +0100 CET,20828,121
2022-11-23 09:22:56.948 +0100 CET,21554,143
2022-11-23 09:26:16.382 +0100 CET,22279,169
2022-11-23 09:29:40.801 +0100 CET,22989,199
2022-11-23 09:34:34.978 +0100 CET,22989,232
2022-11-23 09:36:56.59 +0100 CET,23711,235
2022-11-23 09:40:06.062 +0100 CET,24425,277
2022-11-23 09:41:30.826 +0100 CET,25199,331
2022-11-23 09:42:40.631 +0100 CET,26086,406
2022-11-23 09:44:20.353 +0100 CET,26822,481
2022-11-23 10:21:34.064 +0100 CET,27332,541
2022-11-23 10:29:27.742 +0100 CET,27332,572
2022-11-23 10:37:38.365 +0100 CET,27840,608
2022-11-23 10:45:42.005 +0100 CET,28357,685
2022-11-23 10:47:41.673 +0100 CET,27782,600
2022-11-23 10:48:21.564 +0100 CET,28364,686
2022-11-23 10:48:56.469 +0100 CET,27796,602
2022-11-23 10:49:36.361 +0100 CET,28345,683
2022-11-23 10:50:36.198 +0100 CET,27818,605
2022-11-23 10:51:16.089 +0100 CET,28370,687
2022-11-23 10:56:35.202 +0100 CET,27861,611
2022-11-23 10:58:24.899 +0100 CET,28389,690
2022-11-23 10:59:04.791 +0100 CET,27818,605
2022-11-23 11:00:29.556 +0100 CET,27276,534
2022-11-23 11:02:19.251 +0100 CET,27811,604
2022-11-23 11:04:23.909 +0100 CET,27144,518
2022-11-23 11:07:03.466 +0100 CET,27679,586
2022-11-23 11:08:18.261 +0100 CET,28261,670
2022-11-23 11:09:23.083 +0100 CET,28966,788
2022-11-23 11:09:57.988 +0100 CET,28420,695
2022-11-23 11:10:32.894 +0100 CET,27804,603
2022-11-23 11:10:37.883 +0100 CET,27268,533
2022-11-23 11:11:12.788 +0100 CET,26533,450
2022-11-23 11:12:12.624 +0100 CET,25729,374
2022-11-23 11:12:57.5 +0100 CET,24956,313
2022-11-23 11:13:42.378 +0100 CET,24249,266
2022-11-23 11:14:37.229 +0100 CET,23542,226
2022-11-23 11:15:27.092 +0100 CET,22811,191
2022-11-23 11:18:06.647 +0100 CET,23522,225
2022-11-23 11:19:01.495 +0100 CET,24249,266
2022-11-23 11:20:41.216 +0100 CET,24956,313
2022-11-23 11:23:50.684 +0100 CET,25706,372
2022-11-23 11:24:20.611 +0100 CET,25706,423
2022-11-23 11:26:57.175 +0100 CET,26425,439
2022-11-23 11:27:37.067 +0100 CET,27127,516
2022-11-23 11:29:26.76 +0100 CET,27966,626
2022-11-23 11:29:31.749 +0100 CET,27144,518
2022-11-23 11:29:46.71 +0100 CET,26355,432
2022-11-23 11:31:11.476 +0100 CET,27093,512
2022-11-23 11:31:21.452 +0100 CET,27709,590
2022-11-23 11:31:51.371 +0100 CET,27042,506
2022-11-23 11:34:25.936 +0100 CET,27665,584
2022-11-23 11:34:35.91 +0100 CET,28326,680
2022-11-23 11:34:45.885 +0100 CET,28955,786
2022-11-23 11:35:10.817 +0100 CET,28376,688
2022-11-23 11:35:15.806 +0100 CET,27840,608
2022-11-23 11:35:50.71 +0100 CET,28470,703
2022-11-23 11:36:15.642 +0100 CET,27854,610
2022-11-23 11:36:50.546 +0100 CET,28544,715
2022-11-23 11:36:55.535 +0100 CET,29128,818
2022-11-23 11:37:00.524 +0100 CET,29676,928
2022-11-23 11:37:25.456 +0100 CET,30465,1113
2022-11-23 11:38:05.347 +0100 CET,29634,919
2022-11-23 11:38:20.308 +0100 CET,28905,777
2022-11-23 11:39:40.086 +0100 CET,29480,887
2022-11-23 11:40:14.99 +0100 CET,28899,776
2022-11-23 11:40:39.923 +0100 CET,28306,677
2022-11-23 11:41:59.7 +0100 CET,28927,781
2022-11-23 11:42:34.606 +0100 CET,29470,885
2022-11-23 11:42:44.581 +0100 CET,30065,1015
2022-11-23 11:43:04.528 +0100 CET,29315,854
2022-11-23 11:43:14.503 +0100 CET,29882,973
2022-11-23 11:44:24.309 +0100 CET,30422,1102
2022-11-23 11:44:44.256 +0100 CET,29832,962
2022-11-23 11:44:49.245 +0100 CET,29259,843
2022-11-23 11:45:49.078 +0100 CET,30171,1040
2022-11-23 11:45:59.054 +0100 CET,30738,1185
2022-11-23 11:46:14.015 +0100 CET,29662,925
2022-11-23 11:46:38.947 +0100 CET,30208,1049
2022-11-23 11:47:28.811 +0100 CET,30778,1196
2022-11-23 11:50:23.322 +0100 CET,31480,1406
2022-11-23 11:50:38.284 +0100 CET,31998,1584
2022-11-23 11:52:27.979 +0100 CET,31409,1383
2022-11-23 11:52:42.941 +0100 CET,30626,1155
2022-11-23 11:53:12.86 +0100 CET,31349,1364
2022-11-23 11:53:17.849 +0100 CET,31856,1533
2022-11-23 11:53:32.81 +0100 CET,31317,1354
2022-11-23 11:53:37.8 +0100 CET,30638,1158
2022-11-23 11:54:32.65 +0100 CET,31738,1492
2022-11-23 11:54:37.639 +0100 CET,32272,1687
2022-11-23 11:55:37.474 +0100 CET,31665,1467
2022-11-23 11:55:47.449 +0100 CET,31052,1274
2022-11-23 11:55:57.425 +0100 CET,31850,1531
2022-11-23 11:56:07.4 +0100 CET,32458,1761
2022-11-23 11:59:51.774 +0100 CET,31052,1274
2022-11-23 12:00:01.749 +0100 CET,31656,1464
2022-11-23 12:00:11.725 +0100 CET,32261,1683
2022-11-23 12:04:55.931 +0100 CET,32790,1901
2022-11-23 12:07:50.443 +0100 CET,32215,1665
2022-11-23 12:08:00.418 +0100 CET,33045,2016
2022-11-23 12:09:35.155 +0100 CET,32500,1778
2022-11-23 12:09:40.145 +0100 CET,33090,2037
2022-11-23 12:10:05.078 +0100 CET,32175,1650
2022-11-23 12:10:15.052 +0100 CET,33017,2003
2022-11-23 12:17:58.774 +0100 CET,32510,1782
2022-11-23 12:19:13.579 +0100 CET,32510,1897
2022-11-23 12:20:05.448 +0100 CET,33069,2027
2022-11-23 12:37:02.656 +0100 CET,33614,2298
2022-11-23 12:37:42.551 +0100 CET,33050,2018
2022-11-23 12:37:52.526 +0100 CET,32269,1686
2022-11-23 12:37:57.516 +0100 CET,31623,1453
2022-11-23 12:38:37.408 +0100 CET,32845,1925
2022-11-23 12:38:57.357 +0100 CET,34078,2557
2022-11-23 12:39:07.332 +0100 CET,34626,2901
2022-11-23 12:39:22.294 +0100 CET,34098,2569
2022-11-23 12:39:37.256 +0100 CET,33011,2000
2022-11-23 12:39:47.232 +0100 CET,33969,2493
2022-11-23 12:39:57.207 +0100 CET,34684,2940
2022-11-23 12:40:42.087 +0100 CET,33853,2428
2022-11-23 12:40:47.076 +0100 CET,34669,2930
2022-11-23 12:42:16.834 +0100 CET,32608,1823
2022-11-23 12:42:21.823 +0100 CET,31859,1534
2022-11-23 12:42:31.799 +0100 CET,33137,2059
2022-11-23 12:42:41.774 +0100 CET,33821,2410
2022-11-23 12:44:16.517 +0100 CET,34335,2713
2022-11-23 12:45:01.396 +0100 CET,32136,1635
2022-11-23 12:45:06.387 +0100 CET,31242,1331
2022-11-23 12:46:11.21 +0100 CET,31984,1579
2022-11-23 12:46:21.186 +0100 CET,32551,1799
2022-11-23 12:46:31.162 +0100 CET,33347,2161
2022-11-23 12:46:41.137 +0100 CET,32162,1645
2022-11-23 12:47:06.071 +0100 CET,31554,1430
2022-11-23 12:47:40.978 +0100 CET,32233,1672
2022-11-23 12:47:55.94 +0100 CET,31542,1426
2022-11-23 12:49:30.681 +0100 CET,30983,1254
2022-11-23 12:50:40.491 +0100 CET,31511,1416
2022-11-23 12:52:25.207 +0100 CET,32215,1665
2022-11-23 12:53:20.06 +0100 CET,31650,1462
2022-11-23 12:53:54.967 +0100 CET,32346,1716
2022-11-23 12:54:04.943 +0100 CET,32958,1976
2022-11-23 12:54:19.905 +0100 CET,33864,2434
2022-11-23 12:54:39.853 +0100 CET,33101,2042
2022-11-23 12:55:44.678 +0100 CET,32502,1779
2022-11-23 12:55:59.64 +0100 CET,33297,2136
2022-11-23 12:56:04.629 +0100 CET,34228,2647
2022-11-23 12:56:09.619 +0100 CET,34740,2978
2022-11-23 12:56:34.554 +0100 CET,33804,2400
2022-11-23 12:56:39.543 +0100 CET,32961,1977
2022-11-23 12:56:49.519 +0100 CET,31876,1540
2022-11-23 12:57:04.481 +0100 CET,31365,1369
2022-11-23 12:57:34.401 +0100 CET,32428,1749
2022-11-23 12:57:44.376 +0100 CET,33534,2256
2022-11-23 12:57:54.353 +0100 CET,32613,1825
2022-11-23 12:58:04.328 +0100 CET,32104,1623
2022-11-23 12:58:44.224 +0100 CET,31140,1300
2022-11-23 12:58:59.185 +0100 CET,30634,1157
2022-11-23 12:59:39.078 +0100 CET,30116,1027
2022-11-23 13:04:43.246 +0100 CET,29581,908
2022-11-23 13:05:58.043 +0100 CET,29058,805
2022-11-23 13:08:12.676 +0100 CET,28525,712
2022-11-23 13:11:27.141 +0100 CET,28001,631
2022-11-23 13:14:06.712 +0100 CET,28001,573
2022-11-23 13:16:33.319 +0100 CET,27482,560
2022-11-23 13:19:42.795 +0100 CET,26777,476
2022-11-23 13:22:27.342 +0100 CET,26054,403
2022-11-23 13:24:46.96 +0100 CET,25328,341
2022-11-23 13:26:46.63 +0100 CET,24594,288
2022-11-23 13:28:21.368 +0100 CET,23839,242
2022-11-23 13:29:36.162 +0100 CET,23075,203
2022-11-23 13:30:35.998 +0100 CET,22356,172
2022-11-23 13:31:35.833 +0100 CET,21644,146
2022-11-23 13:32:35.669 +0100 CET,20900,123
2022-11-23 13:43:33.833 +0100 CET,21644,146
2022-11-23 13:47:28.178 +0100 CET,22356,172
2022-11-23 13:49:42.8 +0100 CET,23075,203
2022-11-23 13:55:01.909 +0100 CET,22356,172
2022-11-23 13:56:21.688 +0100 CET,21644,146
2022-11-23 13:57:06.565 +0100 CET,20935,124
2022-11-23 13:57:41.47 +0100 CET,22967,198
2022-11-23 14:02:00.745 +0100 CET,20828,121
2022-11-23 14:02:50.608 +0100 CET,22967,198
2022-11-23 14:06:54.926 +0100 CET,22254,168
2022-11-23 14:08:49.609 +0100 CET,21523,142
2022-11-23 14:08:59.593 +0100 CET,21523,141
2022-11-23 14:11:01.268 +0100 CET,22305,170
2022-11-23 14:12:55.951 +0100 CET,21584,144
2022-11-23 14:14:45.643 +0100 CET,22406,174
2022-11-23 14:18:05.085 +0100 CET,23139,206
2022-11-23 14:18:15.06 +0100 CET,20792,120
2022-11-23 14:18:20.049 +0100 CET,22989,199
2022-11-23 14:19:14.897 +0100 CET,22279,169
2022-11-23 14:20:09.746 +0100 CET,21554,143
2022-11-23 14:28:38.329 +0100 CET,22279,169
2022-11-23 14:37:21.888 +0100 CET,21523,142
2022-11-23 14:45:30.558 +0100 CET,20792,120
2022-11-23 15:03:52.583 +0100 CET,20792,128
2022-11-23 15:33:29.818 +0100 CET,20087,102
2022-11-23 15:38:53.959 +0100 CET,19345,86
2022-11-23 15:39:33.857 +0100 CET,18634,73
2022-11-23 15:47:17.615 +0100 CET,17924,62
2022-11-23 15:48:32.418 +0100 CET,17161,52
2022-11-23 15:50:27.115 +0100 CET,16533,45
2022-11-23 15:52:21.814 +0100 CET,15798,38
2022-11-23 15:58:25.848 +0100 CET,14914,31
2022-11-23 15:58:45.807 +0100 CET,14914,29
2022-11-23 16:04:21.92 +0100 CET,15798,38
2022-11-23 16:06:16.615 +0100 CET,14914,31
2022-11-23 16:08:26.271 +0100 CET,13803,24
2022-11-23 16:15:35.12 +0100 CET,12305,17
2022-11-23 16:27:28.177 +0100 CET,13803,24
2022-11-23 16:28:33.003 +0100 CET,14914,31
2022-11-23 16:33:22.223 +0100 CET,13803,24
2022-11-23 16:34:37.004 +0100 CET,12305,17
2022-11-23 16:38:51.309 +0100 CET,10001,10
2022-11-23 16:53:39.437 +0100 CET,10001,4
2022-11-23 17:03:44.333 +0100 CET,4772,3
2022-11-23 17:48:31.785 +0100 CET,4772,0
2022-11-23 18:43:24.087 +0100 CET,4772,0
2022-11-23 19:38:16.692 +0100 CET,4772,0
2022-11-23 20:33:09.229 +0100 CET,4772,0
2022-11-23 21:28:01.843 +0100 CET,4772,0
2022-11-23 22:22:54.173 +0100 CET,4772,0
2022-11-23 23:17:46.515 +0100 CET,4772,0
2022-11-24 00:12:39.058 +0100 CET,4772,0
2022-11-24 01:07:31.74 +0100 CET,4772,0
2022-11-24 02:02:24.312 +0100 CET,4772,0
2022-11-24 02:57:16.785 +0100 CET,4772,0
2022-11-24 03:52:09.023 +0100 CET,4772,0
2022-11-24 04:47:02.818 +0100 CET,4772,0
2022-11-24 05:41:54.606 +0100 CET,4772,0
2022-11-24 06:36:46.259 +0100 CET,4772,0
2022-11-24 07:31:38.551 +0100 CET,4772,0
2022-11-24 08:07:29.215 +0100 CET,10001,10
2022-11-24 08:10:53.592 +0100 CET,12305,17
2022-11-24 08:13:33.09 +0100 CET,13803,24
2022-11-24 08:15:27.758 +0100 CET,14914,31
2022-11-24 08:17:27.415 +0100 CET,15798,38
2022-11-24 08:19:12.114 +0100 CET,16533,45
2022-11-24 08:21:06.823 +0100 CET,17243,53
2022-11-24 08:23:26.376 +0100 CET,17994,63
2022-11-24 08:26:25.855 +0100 CET,18751,75
2022-11-24 08:26:31.3 +0100 CET,18751,75
2022-11-24 08:29:22.365 +0100 CET,19494,89
2022-11-24 08:33:31.77 +0100 CET,20212,105
2022-11-24 08:37:50.898 +0100 CET,20935,124
2022-11-24 08:41:35.294 +0100 CET,21644,146
2022-11-24 08:45:04.696 +0100 CET,22356,172
2022-11-24 08:51:38.531 +0100 CET,23075,203
2022-11-24 08:51:58.443 +0100 CET,20792,120
2022-11-24 08:52:08.416 +0100 CET,22989,199
2022-11-24 08:52:13.405 +0100 CET,20792,120
2022-11-24 08:57:52.413 +0100 CET,21523,142
2022-11-24 09:01:06.849 +0100 CET,22254,168
2022-11-24 09:07:00.823 +0100 CET,23011,200
2022-11-24 09:13:04.789 +0100 CET,23766,238
2022-11-24 09:13:49.639 +0100 CET,24488,281
2022-11-24 09:14:24.538 +0100 CET,25199,331
2022-11-24 09:16:09.235 +0100 CET,24425,277
2022-11-24 09:17:58.92 +0100 CET,25133,326
2022-11-24 09:21:23.419 +0100 CET,25133,334
2022-11-24 09:25:24.7 +0100 CET,24298,269
2022-11-24 09:28:44.073 +0100 CET,25119,325
2022-11-24 09:32:18.487 +0100 CET,25844,384
2022-11-24 09:56:14.371 +0100 CET,26609,458
2022-11-24 10:11:42.16 +0100 CET,27119,515
2022-11-24 10:15:40.946 +0100 CET,27627,579
2022-11-24 10:16:15.857 +0100 CET,27627,585
2022-11-24 10:24:46.445 +0100 CET,27102,513
2022-11-24 10:26:36.067 +0100 CET,27612,577
2022-11-24 10:29:15.603 +0100 CET,28248,668
2022-11-24 10:31:20.252 +0100 CET,28757,751
2022-11-24 10:53:16.41 +0100 CET,29274,846
2022-11-24 11:01:25.01 +0100 CET,28745,749
2022-11-24 11:11:08.338 +0100 CET,28745,766
2022-11-24 11:19:03.967 +0100 CET,29269,845
2022-11-24 11:27:17.663 +0100 CET,29778,950
2022-11-24 11:32:06.87 +0100 CET,30294,1070
2022-11-24 11:40:10.863 +0100 CET,30803,1203
2022-11-24 11:50:33.878 +0100 CET,31320,1355
2022-11-24 12:00:02.277 +0100 CET,31847,1530
2022-11-24 12:06:00.917 +0100 CET,31847,1694
2022-11-24 12:06:42.73 +0100 CET,32358,1721
2022-11-24 12:12:36.753 +0100 CET,32870,1936
2022-11-24 12:22:45.07 +0100 CET,33381,2178
2022-11-24 12:27:24.168 +0100 CET,33894,2451
2022-11-24 12:32:48.283 +0100 CET,34402,2755
2022-11-24 12:38:42.252 +0100 CET,34909,3096
2022-11-24 12:45:11.221 +0100 CET,35418,3481
2022-11-24 12:51:35.205 +0100 CET,35927,3914
2022-11-24 12:59:08.86 +0100 CET,36436,4400
2022-11-24 13:00:53.671 +0100 CET,36436,4506
2022-11-24 13:08:44.371 +0100 CET,36943,4945
2022-11-24 13:22:17.12 +0100 CET,37452,5560
2022-11-24 13:36:44.946 +0100 CET,37965,6257
2022-11-24 13:55:46.874 +0100 CET,37965,6975
2022-11-24 13:56:08.764 +0100 CET,38479,7044
2022-11-24 14:03:52.878 +0100 CET,37918,6190
2022-11-24 14:04:02.528 +0100 CET,38437,6976
2022-11-24 14:29:14.014 +0100 CET,38948,7847
2022-11-24 14:30:48.498 +0100 CET,38123,6489
2022-11-24 14:31:23.266 +0100 CET,37566,5708
2022-11-24 14:31:33.245 +0100 CET,36791,4775
2022-11-24 14:31:38.234 +0100 CET,36166,4135
2022-11-24 14:31:53.2 +0100 CET,34421,2767
2022-11-24 14:31:58.19 +0100 CET,33561,2270
2022-11-24 14:32:13.155 +0100 CET,32912,1955
2022-11-24 14:32:28.12 +0100 CET,33495,2236
2022-11-24 14:32:43.085 +0100 CET,34021,2523
2022-11-24 14:32:48.075 +0100 CET,35063,3208
2022-11-24 14:32:53.066 +0100 CET,36140,4111
2022-11-24 14:33:08.031 +0100 CET,35435,3495
2022-11-24 14:33:13.021 +0100 CET,34425,2769
2022-11-24 14:33:18.012 +0100 CET,32974,1983
2022-11-24 14:33:23.002 +0100 CET,32215,1665
2022-11-24 14:33:27.992 +0100 CET,31569,1435
2022-11-24 14:33:37.97 +0100 CET,30818,1207
2022-11-24 14:33:52.935 +0100 CET,30282,1067
2022-11-24 14:34:27.849 +0100 CET,29750,944
2022-11-24 14:35:42.662 +0100 CET,29217,835
2022-11-24 14:39:12.133 +0100 CET,29759,946
2022-11-24 14:39:47.047 +0100 CET,30339,1081
2022-11-24 14:40:11.984 +0100 CET,30846,1215
2022-11-24 14:40:26.948 +0100 CET,31452,1397
2022-11-24 14:40:36.925 +0100 CET,32146,1639
2022-11-24 14:40:56.879 +0100 CET,32843,1924
2022-11-24 14:41:16.83 +0100 CET,34223,2644
2022-11-24 14:41:21.82 +0100 CET,35596,3627
2022-11-24 14:41:26.812 +0100 CET,36304,4269
2022-11-24 14:41:36.79 +0100 CET,35386,3455
2022-11-24 14:41:46.765 +0100 CET,34567,2862
2022-11-24 14:41:51.756 +0100 CET,33637,2310
2022-11-24 14:41:56.746 +0100 CET,32852,1928
2022-11-24 14:42:06.723 +0100 CET,32047,1602
2022-11-24 14:42:16.7 +0100 CET,31459,1399
2022-11-24 14:42:36.65 +0100 CET,30921,1236
2022-11-24 14:43:46.468 +0100 CET,30399,1096
2022-11-24 14:47:05.943 +0100 CET,31001,1259
2022-11-24 14:48:00.802 +0100 CET,31632,1456
2022-11-24 14:48:15.765 +0100 CET,31039,1270
2022-11-24 14:50:30.547 +0100 CET,31581,1439
2022-11-24 14:50:40.399 +0100 CET,31581,1479
2022-11-24 14:51:07.34 +0100 CET,32088,1617
2022-11-24 14:52:07.183 +0100 CET,32594,1817
2022-11-24 14:52:32.12 +0100 CET,33221,2099
2022-11-24 14:52:52.069 +0100 CET,33792,2394
2022-11-24 14:53:02.045 +0100 CET,34447,2784
2022-11-24 14:53:17.009 +0100 CET,33842,2422
2022-11-24 14:53:31.972 +0100 CET,33299,2137
2022-11-24 14:54:41.789 +0100 CET,33835,2418
2022-11-24 14:54:56.752 +0100 CET,34713,2959
2022-11-24 14:55:01.742 +0100 CET,35239,3340
2022-11-24 14:55:06.732 +0100 CET,35751,3758
2022-11-24 14:55:16.708 +0100 CET,36495,4461
2022-11-24 15:00:25.895 +0100 CET,35955,3939
2022-11-24 15:02:10.621 +0100 CET,35410,3475
2022-11-24 15:03:10.467 +0100 CET,34893,3085
2022-11-24 15:05:55.033 +0100 CET,34340,2716
2022-11-24 15:06:14.983 +0100 CET,33610,2296
2022-11-24 15:06:24.959 +0100 CET,33103,2043
2022-11-24 15:06:44.91 +0100 CET,32478,1769
2022-11-24 15:09:34.467 +0100 CET,33022,2005
2022-11-24 15:10:54.26 +0100 CET,32490,1774
2022-11-24 15:11:34.156 +0100 CET,33037,2012
2022-11-24 15:12:58.935 +0100 CET,32386,1732
2022-11-24 15:15:03.605 +0100 CET,33006,1998
2022-11-24 15:17:33.206 +0100 CET,33517,2247
2022-11-24 15:18:18.09 +0100 CET,34056,2544
2022-11-24 15:19:42.866 +0100 CET,33524,2251
2022-11-24 15:19:52.842 +0100 CET,32914,1956
2022-11-24 15:21:32.58 +0100 CET,32368,1725
2022-11-24 15:22:22.449 +0100 CET,31847,1530
2022-11-24 15:23:57.2 +0100 CET,31317,1354
2022-11-24 15:25:12.003 +0100 CET,30792,1200
2022-11-24 15:26:21.819 +0100 CET,30270,1064
2022-11-24 15:27:51.582 +0100 CET,29750,944
2022-11-24 15:29:01.399 +0100 CET,29243,840
2022-11-24 15:31:11.058 +0100 CET,28710,743
2022-11-24 15:34:00.609 +0100 CET,29217,835
2022-11-24 15:35:30.375 +0100 CET,29746,943
2022-11-24 15:40:54.512 +0100 CET,29217,835
2022-11-24 15:43:19.131 +0100 CET,29727,939
2022-11-24 15:43:49.054 +0100 CET,30254,1060
2022-11-24 15:44:23.965 +0100 CET,30807,1204
2022-11-24 15:44:53.888 +0100 CET,31339,1361
2022-11-24 15:45:18.824 +0100 CET,31923,1557
2022-11-24 15:45:33.959 +0100 CET,31923,1708
2022-11-24 15:45:40.79 +0100 CET,32461,1762
2022-11-24 15:46:05.726 +0100 CET,32991,1991
2022-11-24 15:50:25.039 +0100 CET,32456,1760
2022-11-24 15:50:50.005 +0100 CET,31845,1529
2022-11-24 15:51:19.9 +0100 CET,31265,1338
2022-11-24 15:52:39.69 +0100 CET,30634,1157
2022-11-24 15:53:19.589 +0100 CET,30082,1019
2022-11-24 15:53:39.54 +0100 CET,29543,900
2022-11-24 15:53:54.503 +0100 CET,28977,790
2022-11-24 15:54:09.466 +0100 CET,28370,687
2022-11-24 15:54:24.429 +0100 CET,27818,605
2022-11-24 15:54:44.379 +0100 CET,27292,536
2022-11-24 15:55:39.235 +0100 CET,26542,451
2022-11-24 15:57:04.01 +0100 CET,25810,381
2022-11-24 15:59:33.659 +0100 CET,25093,323
2022-11-24 16:03:13.18 +0100 CET,24378,274
2022-11-24 16:07:22.35 +0100 CET,23655,232
2022-11-24 16:10:41.813 +0100 CET,22945,197
2022-11-24 16:13:36.342 +0100 CET,22228,167
2022-11-24 16:16:15.915 +0100 CET,21493,141
2022-11-24 16:18:25.564 +0100 CET,22967,198
2022-11-24 16:22:45.272 +0100 CET,22254,168
2022-11-24 16:29:13.814 +0100 CET,21523,142
2022-11-24 16:31:13.498 +0100 CET,20792,120
2022-11-24 16:32:43.238 +0100 CET,20087,102
2022-11-24 16:34:22.966 +0100 CET,19345,86
2022-11-24 16:35:52.723 +0100 CET,18634,73
2022-11-24 16:37:57.631 +0100 CET,17924,62
2022-11-24 16:40:17.011 +0100 CET,17161,52
2022-11-24 16:40:26.997 +0100 CET,17161,52
2022-11-24 16:42:53.608 +0100 CET,16533,45
2022-11-24 16:45:03.258 +0100 CET,15798,38
2022-11-24 16:47:32.848 +0100 CET,14914,31
2022-11-24 16:50:42.337 +0100 CET,13803,24
2022-11-24 16:54:11.768 +0100 CET,12305,17
2022-11-24 16:59:30.901 +0100 CET,10001,10
2022-11-24 17:29:06.184 +0100 CET,0,0
2022-11-24 17:35:20.148 +0100 CET,0,0
2022-11-24 18:30:13.297 +0100 CET,0,0
2022-11-24 19:25:05.891 +0100 CET,0,0
2022-11-24 20:19:58.931 +0100 CET,0,0
2022-11-24 21:14:52.041 +0100 CET,0,0
2022-11-24 22:09:46.108 +0100 CET,0,0
2022-11-24 23:04:38.195 +0100 CET,0,0
2022-11-24 23:59:31.212 +0100 CET,0,0
2022-11-25 00:54:23.805 +0100 CET,0,0
2022-11-25 01:49:16.69 +0100 CET,0,0
2022-11-25 02:44:09.192 +0100 CET,0,0
2022-11-25 03:39:02.244 +0100 CET,0,0
2022-11-25 04:33:54.928 +0100 CET,0,0
2022-11-25 05:28:47.162 +0100 CET,0,0
2022-11-25 06:23:39.884 +0100 CET,0,0
2022-11-25 07:18:32.137 +0100 CET,0,0
2022-11-25 08:00:07.99 +0100 CET,8451,7
2022-11-25 08:06:51.012 +0100 CET,11462,14
2022-11-25 08:10:45.25 +0100 CET,13223,21
2022-11-25 08:13:25.048 +0100 CET,13223,26
2022-11-25 08:13:51.884 +0100 CET,14472,28
2022-11-25 08:16:11.358 +0100 CET,15441,35
2022-11-25 08:18:21.051 +0100 CET,16233,42
2022-11-25 08:20:15.702 +0100 CET,16902,49
2022-11-25 08:22:20.703 +0100 CET,17635,58
2022-11-25 08:24:35.221 +0100 CET,18389,69
2022-11-25 08:26:39.615 +0100 CET,19139,82
2022-11-25 08:29:19.308 +0100 CET,19868,97
2022-11-25 08:32:13.747 +0100 CET,20607,115
2022-11-25 08:35:23.192 +0100 CET,21336,136
2022-11-25 08:38:27.62 +0100 CET,22042,160
2022-11-25 08:42:02.125 +0100 CET,22788,190
2022-11-25 08:44:16.662 +0100 CET,20792,120
2022-11-25 08:48:25.933 +0100 CET,21523,142
2022-11-25 08:51:45.566 +0100 CET,22254,168
2022-11-25 08:55:04.963 +0100 CET,22967,198
2022-11-25 08:57:54.341 +0100 CET,23674,233
2022-11-25 09:01:33.811 +0100 CET,24394,275
2022-11-25 09:06:22.9 +0100 CET,25106,324
2022-11-25 09:08:17.588 +0100 CET,25106,373
2022-11-25 09:08:59.482 +0100 CET,25821,382
2022-11-25 09:15:38.489 +0100 CET,25106,324
2022-11-25 09:19:22.753 +0100 CET,24394,275
2022-11-25 09:27:11.475 +0100 CET,25106,324
2022-11-25 09:34:20.294 +0100 CET,25844,384
2022-11-25 09:43:14.072 +0100 CET,26552,452
2022-11-25 09:52:17.728 +0100 CET,27059,508
2022-11-25 10:03:10.649 +0100 CET,27059,549
2022-11-25 10:08:16.408 +0100 CET,27567,571
2022-11-25 10:41:31.082 +0100 CET,28076,642
2022-11-25 10:55:08.638 +0100 CET,28592,723
2022-11-25 10:58:02.87 +0100 CET,28592,736
2022-11-25 11:06:43.608 +0100 CET,29238,839
2022-11-25 11:17:01.8 +0100 CET,29746,943
2022-11-25 11:22:11.254 +0100 CET,30258,1061
2022-11-25 11:27:00.027 +0100 CET,30771,1194
2022-11-25 11:30:14.76 +0100 CET,31284,1344
2022-11-25 11:31:59.412 +0100 CET,31935,1561
2022-11-25 11:35:18.738 +0100 CET,31281,1343
2022-11-25 11:35:38.501 +0100 CET,32050,1603
2022-11-25 11:39:42.916 +0100 CET,31517,1418
2022-11-25 11:40:47.643 +0100 CET,30803,1203
2022-11-25 11:41:07.592 +0100 CET,30196,1046
2022-11-25 11:44:47.049 +0100 CET,31004,1260
2022-11-25 11:45:01.939 +0100 CET,31572,1436
2022-11-25 11:46:36.674 +0100 CET,32080,1614
2022-11-25 11:47:46.482 +0100 CET,31446,1395
2022-11-25 11:47:51.469 +0100 CET,30928,1238
2022-11-25 11:48:11.417 +0100 CET,31744,1494
2022-11-25 11:48:21.392 +0100 CET,31079,1282
2022-11-25 11:48:56.296 +0100 CET,31764,1501
2022-11-25 11:49:11.258 +0100 CET,32423,1747
2022-11-25 11:51:50.88 +0100 CET,31744,1494
2022-11-25 11:52:56.688 +0100 CET,31744,1404
2022-11-25 11:53:07.671 +0100 CET,31203,1319
2022-11-25 11:55:07.283 +0100 CET,31744,1494
2022-11-25 11:55:57.146 +0100 CET,32328,1709
2022-11-25 11:56:47.009 +0100 CET,31796,1512
2022-11-25 11:56:51.998 +0100 CET,31281,1343
2022-11-25 11:57:06.959 +0100 CET,30727,1182
2022-11-25 11:57:16.934 +0100 CET,29823,960
2022-11-25 11:58:26.743 +0100 CET,29315,854
2022-11-25 11:59:21.758 +0100 CET,29926,983
2022-11-25 12:00:16.456 +0100 CET,30697,1174
2022-11-25 12:00:21.431 +0100 CET,31393,1378
2022-11-25 12:01:41.257 +0100 CET,32181,1652
2022-11-25 12:02:01.157 +0100 CET,32726,1873
2022-11-25 12:07:20.265 +0100 CET,32207,1662
2022-11-25 12:07:40.212 +0100 CET,31611,1449
2022-11-25 12:08:10.13 +0100 CET,31018,1264
2022-11-25 12:08:25.091 +0100 CET,30229,1054
2022-11-25 12:09:39.935 +0100 CET,29519,895
2022-11-25 12:14:04.267 +0100 CET,28944,784
2022-11-25 12:16:18.76 +0100 CET,28408,693
2022-11-25 12:18:03.468 +0100 CET,29485,888
2022-11-25 12:18:08.457 +0100 CET,31281,1343
2022-11-25 12:18:23.417 +0100 CET,30767,1193
2022-11-25 12:18:28.538 +0100 CET,29254,842
2022-11-25 12:18:33.396 +0100 CET,28402,692
2022-11-25 12:18:38.385 +0100 CET,27709,590
2022-11-25 12:18:58.331 +0100 CET,27177,522
2022-11-25 12:25:57.42 +0100 CET,27716,591
2022-11-25 12:27:26.902 +0100 CET,28433,697
2022-11-25 12:27:36.878 +0100 CET,28999,794
2022-11-25 12:27:46.853 +0100 CET,28482,705
2022-11-25 12:28:06.801 +0100 CET,27938,622
2022-11-25 12:28:31.734 +0100 CET,27332,541
2022-11-25 12:29:01.655 +0100 CET,26600,457
2022-11-25 12:29:51.701 +0100 CET,25889,388
2022-11-25 12:32:36.53 +0100 CET,26628,460
2022-11-25 12:33:16.178 +0100 CET,27152,519
2022-11-25 12:33:50.861 +0100 CET,27665,584
2022-11-25 12:34:25.768 +0100 CET,28222,664
2022-11-25 12:35:00.674 +0100 CET,28774,754
2022-11-25 12:35:35.58 +0100 CET,29295,850
2022-11-25 12:36:10.486 +0100 CET,29837,963
2022-11-25 12:36:40.406 +0100 CET,30414,1100
2022-11-25 12:37:00.353 +0100 CET,31096,1287
2022-11-25 12:37:10.328 +0100 CET,32230,1671
2022-11-25 12:37:20.303 +0100 CET,33249,2113
2022-11-25 12:37:25.293 +0100 CET,34187,2622
2022-11-25 12:37:50.225 +0100 CET,33202,2090
2022-11-25 12:37:55.214 +0100 CET,32285,1692
2022-11-25 12:38:05.189 +0100 CET,31333,1359
2022-11-25 12:38:10.178 +0100 CET,31923,1557
2022-11-25 12:38:15.167 +0100 CET,31049,1273
2022-11-25 12:38:30.128 +0100 CET,32677,1852
2022-11-25 12:38:35.117 +0100 CET,34039,2534
2022-11-25 12:39:10.022 +0100 CET,34546,2848
2022-11-25 12:39:25.176 +0100 CET,33524,2251
2022-11-25 12:39:29.972 +0100 CET,30800,1202
2022-11-25 12:39:34.961 +0100 CET,30026,1006
2022-11-25 12:40:34.795 +0100 CET,31650,1462
2022-11-25 12:40:39.783 +0100 CET,34397,2752
2022-11-25 12:41:04.715 +0100 CET,34934,3114
2022-11-25 12:41:54.578 +0100 CET,32982,1987
2022-11-25 12:42:04.552 +0100 CET,34275,2675
2022-11-25 12:42:09.541 +0100 CET,33763,2378
2022-11-25 12:42:29.489 +0100 CET,34988,3153
2022-11-25 12:43:14.368 +0100 CET,33867,2436
2022-11-25 12:43:19.357 +0100 CET,32682,1854
2022-11-25 12:43:24.346 +0100 CET,31836,1526
2022-11-25 12:43:39.308 +0100 CET,31011,1262
2022-11-25 12:43:49.284 +0100 CET,30430,1104
2022-11-25 12:44:09.233 +0100 CET,29764,947
2022-11-25 12:44:19.208 +0100 CET,29149,822
2022-11-25 12:46:08.9 +0100 CET,29755,945
2022-11-25 12:46:33.831 +0100 CET,30302,1072
2022-11-25 12:47:03.748 +0100 CET,30875,1223
2022-11-25 12:47:13.723 +0100 CET,31393,1378
2022-11-25 12:47:18.712 +0100 CET,32865,1934
2022-11-25 12:47:23.7 +0100 CET,34266,2670
2022-11-25 12:47:28.689 +0100 CET,35309,3395
2022-11-25 12:47:38.664 +0100 CET,33470,2223
2022-11-25 12:47:48.64 +0100 CET,34212,2637
2022-11-25 12:47:48.643 +0100 CET,34212,2637
2022-11-25 12:47:48.653 +0100 CET,34212,2637
2022-11-25 12:47:55.643 +0100 CET,34966,3137
2022-11-25 12:48:05.619 +0100 CET,34230,2648
2022-11-25 12:48:10.607 +0100 CET,34941,3119
2022-11-25 12:48:15.597 +0100 CET,33689,2338
2022-11-25 12:48:20.585 +0100 CET,34280,2679
2022-11-25 12:48:25.575 +0100 CET,33610,2296
2022-11-25 12:48:40.535 +0100 CET,34164,2608
2022-11-25 12:48:50.51 +0100 CET,35449,3506
2022-11-25 12:49:00.484 +0100 CET,33899,2454
2022-11-25 12:49:05.474 +0100 CET,32660,1845
2022-11-25 12:49:10.463 +0100 CET,31647,1461
2022-11-25 12:49:20.577 +0100 CET,31062,1277
2022-11-25 12:49:50.356 +0100 CET,32956,1975
2022-11-25 12:50:05.338 +0100 CET,31587,1441
2022-11-25 12:50:50.192 +0100 CET,32215,1665
2022-11-25 12:51:05.153 +0100 CET,34364,2731
2022-11-25 12:51:10.187 +0100 CET,35170,3288
2022-11-25 12:51:35.074 +0100 CET,35743,3751
2022-11-25 12:52:20.019 +0100 CET,32783,1898
2022-11-25 12:52:24.94 +0100 CET,31709,1482
2022-11-25 12:52:29.93 +0100 CET,31052,1274
2022-11-25 12:52:54.862 +0100 CET,30465,1113
2022-11-25 12:53:19.794 +0100 CET,29908,979
2022-11-25 12:54:34.584 +0100 CET,29310,853
2022-11-25 12:54:54.531 +0100 CET,30221,1052
2022-11-25 12:54:59.519 +0100 CET,30828,1210
2022-11-25 12:55:04.509 +0100 CET,31862,1535
2022-11-25 12:55:19.47 +0100 CET,31143,1301
2022-11-25 12:55:24.459 +0100 CET,29149,822
2022-11-25 12:55:34.435 +0100 CET,28402,692
2022-11-25 12:56:29.284 +0100 CET,29238,839
2022-11-25 12:56:44.245 +0100 CET,30339,1081
2022-11-25 12:57:04.192 +0100 CET,29638,920
2022-11-25 12:57:34.111 +0100 CET,28988,792
2022-11-25 13:00:28.701 +0100 CET,29509,893
2022-11-25 13:01:13.624 +0100 CET,30099,1023
2022-11-25 13:01:23.475 +0100 CET,31137,1299
2022-11-25 13:01:48.408 +0100 CET,30319,1076
2022-11-25 13:02:03.368 +0100 CET,31313,1353
2022-11-25 13:02:08.357 +0100 CET,32136,1635
2022-11-25 13:02:13.346 +0100 CET,31076,1281
2022-11-25 13:02:23.409 +0100 CET,30217,1051
2022-11-25 13:03:03.213 +0100 CET,30730,1183
2022-11-25 13:03:28.146 +0100 CET,31255,1335
2022-11-25 13:03:38.121 +0100 CET,32009,1588
2022-11-25 13:03:53.081 +0100 CET,32834,1920
2022-11-25 13:04:23.001 +0100 CET,33480,2228
2022-11-25 13:04:28.01 +0100 CET,34614,2893
2022-11-25 13:04:32.979 +0100 CET,35793,3795
2022-11-25 13:04:37.968 +0100 CET,36628,4599
2022-11-25 13:04:57.916 +0100 CET,37141,5176
2022-11-25 13:06:37.64 +0100 CET,35233,3336
2022-11-25 13:06:42.629 +0100 CET,33292,2134
2022-11-25 13:07:02.577 +0100 CET,32433,1751
2022-11-25 13:07:17.538 +0100 CET,34414,2762
2022-11-25 13:07:22.527 +0100 CET,33678,2332
2022-11-25 13:07:27.517 +0100 CET,32919,1958
2022-11-25 13:07:32.506 +0100 CET,32167,1647
2022-11-25 13:07:42.482 +0100 CET,31566,1434
2022-11-25 13:09:17.222 +0100 CET,31025,1266
2022-11-25 13:12:11.953 +0100 CET,33454,2215
2022-11-25 13:12:16.73 +0100 CET,32779,1896
2022-11-25 13:12:21.719 +0100 CET,31881,1542
2022-11-25 13:12:41.667 +0100 CET,32936,1966
2022-11-25 13:12:51.642 +0100 CET,33860,2432
2022-11-25 13:12:56.631 +0100 CET,32858,1931
2022-11-25 13:13:01.621 +0100 CET,31912,1553
2022-11-25 13:13:36.527 +0100 CET,33071,2028
2022-11-25 13:13:46.503 +0100 CET,31644,1460
2022-11-25 13:13:56.477 +0100 CET,31059,1276
2022-11-25 13:14:31.384 +0100 CET,31948,1566
2022-11-25 13:14:46.345 +0100 CET,30454,1110
2022-11-25 13:14:51.336 +0100 CET,29886,974
2022-11-25 13:15:06.297 +0100 CET,29290,849
2022-11-25 13:15:36.219 +0100 CET,28705,742
2022-11-25 13:16:31.069 +0100 CET,28176,657
2022-11-25 13:18:10.798 +0100 CET,27657,583
2022-11-25 13:20:45.369 +0100 CET,28216,663
2022-11-25 13:21:30.249 +0100 CET,28740,748
2022-11-25 13:23:54.853 +0100 CET,29300,851
2022-11-25 13:24:24.773 +0100 CET,30069,1016
2022-11-25 13:24:29.763 +0100 CET,30600,1148
2022-11-25 13:24:34.752 +0100 CET,32315,1704
2022-11-25 13:24:39.741 +0100 CET,32890,1945
2022-11-25 13:24:49.716 +0100 CET,34225,2645
2022-11-25 13:24:54.705 +0100 CET,32925,1961
2022-11-25 13:24:59.694 +0100 CET,31170,1309
2022-11-25 13:25:04.683 +0100 CET,30481,1117
2022-11-25 13:26:04.519 +0100 CET,29935,985
2022-11-25 13:28:19.147 +0100 CET,30485,1118
2022-11-25 13:28:24.136 +0100 CET,31066,1278
2022-11-25 13:28:29.126 +0100 CET,34639,2909
2022-11-25 13:28:39.101 +0100 CET,35621,3648
2022-11-25 13:28:44.091 +0100 CET,36355,4319
2022-11-25 13:28:49.08 +0100 CET,37050,5069
2022-11-25 13:28:54.069 +0100 CET,36479,4444
2022-11-25 13:28:59.059 +0100 CET,34760,2992
2022-11-25 13:29:04.047 +0100 CET,31951,1567
2022-11-25 13:29:09.037 +0100 CET,30716,1179
2022-11-25 13:29:19.012 +0100 CET,29922,982
2022-11-25 13:29:28.987 +0100 CET,29154,823
2022-11-25 13:29:48.935 +0100 CET,28616,727
2022-11-25 13:30:19.517 +0100 CET,28096,645
2022-11-25 13:30:43.789 +0100 CET,27552,569
2022-11-25 13:31:03.738 +0100 CET,27008,502
2022-11-25 13:31:38.644 +0100 CET,26212,418
2022-11-25 13:32:43.468 +0100 CET,25491,354
2022-11-25 13:35:33.26 +0100 CET,26233,420
2022-11-25 13:36:27.848 +0100 CET,26990,500
2022-11-25 13:36:57.767 +0100 CET,27521,565
2022-11-25 13:37:27.688 +0100 CET,28096,645
2022-11-25 13:37:57.609 +0100 CET,28646,732
2022-11-25 13:38:27.528 +0100 CET,29165,825
2022-11-25 13:38:52.462 +0100 CET,29727,939
2022-11-25 13:39:02.438 +0100 CET,30274,1065
2022-11-25 13:39:12.413 +0100 CET,32639,1836
2022-11-25 13:39:17.402 +0100 CET,37126,5158
2022-11-25 13:39:32.363 +0100 CET,36379,4343
2022-11-25 13:39:37.352 +0100 CET,33528,2253
2022-11-25 13:39:42.342 +0100 CET,30966,1249
2022-11-25 13:39:47.331 +0100 CET,30266,1063
2022-11-25 13:40:07.278 +0100 CET,29695,932
2022-11-25 13:40:47.17 +0100 CET,29186,829
2022-11-25 13:42:21.904 +0100 CET,30347,1083
2022-11-25 13:42:26.893 +0100 CET,29723,938
2022-11-25 13:42:41.856 +0100 CET,29723,938
2022-11-25 13:42:42.172 +0100 CET,29723,839
2022-11-25 13:44:38.56 +0100 CET,30414,1100
2022-11-25 13:44:43.54 +0100 CET,31499,1412
2022-11-25 13:44:53.515 +0100 CET,32031,1596
2022-11-25 13:45:03.49 +0100 CET,33433,2204
2022-11-25 13:45:13.465 +0100 CET,31971,1574
2022-11-25 13:45:33.413 +0100 CET,31301,1349
2022-11-25 13:46:23.277 +0100 CET,31887,1544
2022-11-25 13:46:28.266 +0100 CET,34436,2777
2022-11-25 13:46:33.255 +0100 CET,37014,5027
2022-11-25 13:46:43.231 +0100 CET,36086,4060
2022-11-25 13:46:48.22 +0100 CET,33129,2055
2022-11-25 13:46:53.209 +0100 CET,34408,2759
2022-11-25 13:46:58.198 +0100 CET,33411,2193
2022-11-25 13:47:08.174 +0100 CET,32039,1599
2022-11-25 13:48:22.971 +0100 CET,32856,1930
2022-11-25 13:48:32.947 +0100 CET,32259,1682
2022-11-25 13:48:47.908 +0100 CET,31674,1470
2022-11-25 13:49:22.91 +0100 CET,31133,1298
2022-11-25 13:50:32.626 +0100 CET,31810,1517
2022-11-25 13:50:42.601 +0100 CET,32592,1816
2022-11-25 13:50:52.577 +0100 CET,33122,2052
2022-11-25 13:51:07.539 +0100 CET,34909,3096
2022-11-25 13:51:12.529 +0100 CET,36653,4626
2022-11-25 13:51:17.518 +0100 CET,38150,6530
2022-11-25 13:51:37.465 +0100 CET,37427,5528
2022-11-25 13:51:42.454 +0100 CET,33730,2360
2022-11-25 13:51:47.665 +0100 CET,32428,1749
2022-11-25 13:51:52.433 +0100 CET,31898,1548
2022-11-25 13:53:32.185 +0100 CET,33421,2198
2022-11-25 13:53:37.148 +0100 CET,35498,3546
2022-11-25 13:53:47.123 +0100 CET,33288,2132
2022-11-25 13:54:02.084 +0100 CET,35342,3421
2022-11-25 13:54:07.115 +0100 CET,33444,2210
2022-11-25 13:54:17.049 +0100 CET,32820,1914
2022-11-25 13:54:37 +0100 CET,32130,1633
2022-11-25 13:55:21.876 +0100 CET,32719,1870
2022-11-25 13:55:26.865 +0100 CET,35650,3672
2022-11-25 13:55:31.854 +0100 CET,33270,2123
2022-11-25 13:55:36.843 +0100 CET,34488,2810
2022-11-25 13:55:41.832 +0100 CET,37263,5324
2022-11-25 13:55:46.823 +0100 CET,33864,2434
2022-11-25 13:55:51.812 +0100 CET,33032,2010
2022-11-25 13:56:01.787 +0100 CET,36995,5005
2022-11-25 13:56:06.776 +0100 CET,38400,6917
2022-11-25 13:56:31.709 +0100 CET,37597,5749
2022-11-25 13:56:36.699 +0100 CET,35786,3789
2022-11-25 13:56:41.688 +0100 CET,36876,4870
2022-11-25 13:56:46.677 +0100 CET,35119,3249
2022-11-25 13:56:51.666 +0100 CET,37662,5836
2022-11-25 13:57:01.641 +0100 CET,36728,4707
2022-11-25 13:57:06.63 +0100 CET,35033,3186
2022-11-25 13:57:11.619 +0100 CET,34132,2589
2022-11-25 13:57:16.609 +0100 CET,33185,2082
2022-11-25 13:57:21.598 +0100 CET,33945,2480
2022-11-25 13:57:26.587 +0100 CET,36556,4524
2022-11-25 13:57:36.563 +0100 CET,37336,5414
2022-11-25 13:57:41.552 +0100 CET,35263,3359
2022-11-25 13:57:46.541 +0100 CET,33288,2132
2022-11-25 13:57:51.53 +0100 CET,32009,1588
2022-11-25 13:58:01.505 +0100 CET,31236,1329
2022-11-25 13:58:16.467 +0100 CET,30645,1160
2022-11-25 14:00:01.458 +0100 CET,30044,1010
2022-11-25 14:00:41.559 +0100 CET,29509,893
2022-11-25 14:02:16.88 +0100 CET,30473,1115
2022-11-25 14:02:30.772 +0100 CET,29886,974
2022-11-25 14:02:56.12 +0100 CET,29305,852
2022-11-25 14:04:15.553 +0100 CET,28780,755
2022-11-25 14:06:25.13 +0100 CET,28235,666
2022-11-25 14:15:28.802 +0100 CET,28745,749
2022-11-25 14:18:53.066 +0100 CET,28203,661
2022-11-25 14:19:57.89 +0100 CET,27679,586
2022-11-25 14:20:57.729 +0100 CET,27119,515
2022-11-25 14:27:41.669 +0100 CET,27789,601
2022-11-25 14:27:51.601 +0100 CET,30158,1037
2022-11-25 14:28:01.577 +0100 CET,32480,1770
2022-11-25 14:28:06.567 +0100 CET,30057,1013
2022-11-25 14:28:11.556 +0100 CET,29305,852
2022-11-25 14:28:26.519 +0100 CET,28768,753
2022-11-25 14:28:41.481 +0100 CET,28189,659
2022-11-25 14:28:51.458 +0100 CET,27529,566
2022-11-25 14:29:46.639 +0100 CET,26804,479
2022-11-25 14:33:55.632 +0100 CET,27316,539
2022-11-25 14:34:55.471 +0100 CET,27847,609
2022-11-25 14:35:20.406 +0100 CET,28580,721
2022-11-25 14:35:30.381 +0100 CET,30738,1185
2022-11-25 14:35:35.37 +0100 CET,32737,1878
2022-11-25 14:35:40.361 +0100 CET,37140,5175
2022-11-25 14:35:45.35 +0100 CET,36474,4439
2022-11-25 14:35:50.339 +0100 CET,31499,1412
2022-11-25 14:35:55.328 +0100 CET,30270,1064
2022-11-25 14:36:05.305 +0100 CET,29667,926
2022-11-25 14:36:20.267 +0100 CET,30442,1107
2022-11-25 14:36:30.242 +0100 CET,34367,2733
2022-11-25 14:36:40.218 +0100 CET,36555,4523
2022-11-25 14:36:45.207 +0100 CET,33786,2391
2022-11-25 14:36:50.197 +0100 CET,31741,1493
2022-11-25 14:36:55.187 +0100 CET,30504,1123
2022-11-25 14:37:30.094 +0100 CET,34861,3062
2022-11-25 14:37:35.086 +0100 CET,38330,6806
2022-11-25 14:37:35.089 +0100 CET,38330,6806
2022-11-25 14:37:35.151 +0100 CET,38330,6807
2022-11-25 14:37:47.076 +0100 CET,37513,5639
2022-11-25 14:37:52.066 +0100 CET,31674,1470
2022-11-25 14:37:57.055 +0100 CET,29727,939
2022-11-25 14:38:26.977 +0100 CET,35333,3414
2022-11-25 14:38:31.967 +0100 CET,34778,3004
2022-11-25 14:38:36.956 +0100 CET,30723,1181
2022-11-25 14:38:41.946 +0100 CET,29886,974
2022-11-25 14:38:51.922 +0100 CET,33200,2089
2022-11-25 14:38:56.911 +0100 CET,38277,6724
2022-11-25 14:39:11.874 +0100 CET,37278,5342
2022-11-25 14:39:16.864 +0100 CET,35451,3508
2022-11-25 14:39:21.854 +0100 CET,31062,1277
2022-11-25 14:39:36.816 +0100 CET,32292,1695
2022-11-25 14:39:41.804 +0100 CET,36227,4194
2022-11-25 14:39:46.795 +0100 CET,38397,6912
2022-11-25 14:40:21.703 +0100 CET,32238,1674
2022-11-25 14:40:26.693 +0100 CET,30489,1119
2022-11-25 14:40:31.698 +0100 CET,32456,1760
2022-11-25 14:40:51.631 +0100 CET,36192,4160
2022-11-25 14:40:56.621 +0100 CET,38166,6554
2022-11-25 14:41:01.61 +0100 CET,34605,2887
2022-11-25 14:41:06.6 +0100 CET,31160,1306
2022-11-25 14:41:16.576 +0100 CET,36633,4605
2022-11-25 14:41:21.565 +0100 CET,38056,6390
2022-11-25 14:41:26.555 +0100 CET,37471,5585
2022-11-25 14:41:31.545 +0100 CET,36710,4687
2022-11-25 14:41:41.521 +0100 CET,36094,4067
2022-11-25 14:41:46.51 +0100 CET,35176,3292
2022-11-25 14:41:51.5 +0100 CET,33431,2203
2022-11-25 14:41:56.489 +0100 CET,32292,1695
2022-11-25 14:42:01.479 +0100 CET,31514,1417
2022-11-25 14:42:21.428 +0100 CET,32463,1763
2022-11-25 14:42:26.417 +0100 CET,37031,5047
2022-11-25 14:42:31.407 +0100 CET,38405,6925
2022-11-25 14:42:46.369 +0100 CET,37338,5416
2022-11-25 14:42:51.358 +0100 CET,38574,7199
2022-11-25 14:43:06.321 +0100 CET,37265,5326
2022-11-25 14:43:11.312 +0100 CET,31915,1554
2022-11-25 14:43:16.301 +0100 CET,30375,1090
2022-11-25 14:43:51.209 +0100 CET,29791,953
2022-11-25 14:44:26.118 +0100 CET,31130,1297
2022-11-25 14:44:36.094 +0100 CET,32463,1763
2022-11-25 14:44:41.084 +0100 CET,31110,1291
2022-11-25 14:45:01.033 +0100 CET,31691,1476
2022-11-25 14:45:06.022 +0100 CET,34793,3014
2022-11-25 14:45:11.012 +0100 CET,37373,5460
2022-11-25 14:45:16.002 +0100 CET,38503,7083
2022-11-25 14:45:45.923 +0100 CET,33114,2048
2022-11-25 14:45:50.913 +0100 CET,30150,1035
2022-11-25 14:46:00.888 +0100 CET,29490,889
2022-11-25 14:46:25.824 +0100 CET,31685,1474
2022-11-25 14:46:30.813 +0100 CET,30204,1048
2022-11-25 14:46:35.803 +0100 CET,29186,829
2022-11-25 14:48:45.449 +0100 CET,31380,1374
2022-11-25 14:48:50.438 +0100 CET,32036,1598
2022-11-25 14:48:55.428 +0100 CET,30885,1226
2022-11-25 14:49:00.417 +0100 CET,34950,3125
2022-11-25 14:49:05.406 +0100 CET,37542,5677
2022-11-25 14:49:15.382 +0100 CET,32009,1588
2022-11-25 14:49:20.372 +0100 CET,29490,889
2022-11-25 14:49:30.349 +0100 CET,28797,758
2022-11-25 14:49:55.282 +0100 CET,28281,673
2022-11-25 14:51:35.642 +0100 CET,32876,1939
2022-11-25 14:51:40 +0100 CET,35343,3421
2022-11-25 14:51:49.977 +0100 CET,31566,1434
2022-11-25 14:51:54.966 +0100 CET,28734,747
2022-11-25 14:51:59.956 +0100 CET,28196,660
2022-11-25 14:52:39.852 +0100 CET,27687,587
2022-11-25 14:54:59.503 +0100 CET,28196,660
2022-11-25 14:57:09.123 +0100 CET,27672,585
2022-11-25 15:00:23.79 +0100 CET,28345,683
2022-11-25 15:00:33.574 +0100 CET,29217,835
2022-11-25 15:00:38.563 +0100 CET,30454,1110
2022-11-25 15:00:43.553 +0100 CET,33169,2074
2022-11-25 15:00:48.555 +0100 CET,31677,1471
2022-11-25 15:00:53.532 +0100 CET,30550,1135
2022-11-25 15:00:58.522 +0100 CET,29596,911
2022-11-25 15:01:08.498 +0100 CET,28183,658
2022-11-25 15:01:18.475 +0100 CET,27582,573
2022-11-25 15:06:32.626 +0100 CET,28203,661
2022-11-25 15:06:42.602 +0100 CET,28780,755
2022-11-25 15:06:47.591 +0100 CET,29736,941
2022-11-25 15:06:52.581 +0100 CET,32502,1779
2022-11-25 15:06:57.571 +0100 CET,33794,2395
2022-11-25 15:07:02.56 +0100 CET,36354,4318
2022-11-25 15:07:12.536 +0100 CET,37211,5260
2022-11-25 15:07:22.513 +0100 CET,36528,4495
2022-11-25 15:07:32.489 +0100 CET,33264,2120
2022-11-25 15:07:37.479 +0100 CET,31793,1511
2022-11-25 15:07:42.469 +0100 CET,32993,1992
2022-11-25 15:07:47.459 +0100 CET,35324,3406
2022-11-25 15:07:57.436 +0100 CET,33345,2160
2022-11-25 15:08:02.426 +0100 CET,31998,1584
2022-11-25 15:08:07.418 +0100 CET,29908,979
2022-11-25 15:08:12.407 +0100 CET,28960,787
2022-11-25 15:08:22.384 +0100 CET,28395,691
2022-11-25 15:09:22.5 +0100 CET,28966,788
2022-11-25 15:09:32.202 +0100 CET,29713,936
2022-11-25 15:09:37.195 +0100 CET,32982,1987
2022-11-25 15:09:42.185 +0100 CET,35172,3289
2022-11-25 15:09:47.183 +0100 CET,34602,2885
2022-11-25 15:09:57.159 +0100 CET,33208,2093
2022-11-25 15:10:07.135 +0100 CET,34313,2699
2022-11-25 15:10:12.128 +0100 CET,36036,4013
2022-11-25 15:10:17.118 +0100 CET,36904,4901
2022-11-25 15:10:27.094 +0100 CET,34647,2915
2022-11-25 15:10:32.088 +0100 CET,30832,1211
2022-11-25 15:10:37.077 +0100 CET,29591,910
2022-11-25 15:10:52.039 +0100 CET,28971,789
2022-11-25 15:11:36.923 +0100 CET,30664,1165
2022-11-25 15:11:41.913 +0100 CET,29676,928
2022-11-25 15:11:46.903 +0100 CET,31329,1358
2022-11-25 15:11:51.894 +0100 CET,35139,3264
2022-11-25 15:11:56.883 +0100 CET,37189,5234
2022-11-25 15:13:01.789 +0100 CET,36673,4647
2022-11-25 15:13:11.69 +0100 CET,37443,5549
2022-11-25 15:14:06.546 +0100 CET,34602,2885
2022-11-25 15:14:11.535 +0100 CET,31355,1366
2022-11-25 15:14:16.526 +0100 CET,30727,1182
2022-11-25 15:14:41.463 +0100 CET,32336,1712
2022-11-25 15:14:46.452 +0100 CET,34728,2970
2022-11-25 15:14:51.442 +0100 CET,37322,5396
2022-11-25 15:15:01.422 +0100 CET,34853,3056
2022-11-25 15:15:06.417 +0100 CET,32649,1840
2022-11-25 15:15:21.379 +0100 CET,36173,4142
2022-11-25 15:15:26.369 +0100 CET,37599,5752
2022-11-25 15:15:51.306 +0100 CET,34215,2639
2022-11-25 15:16:01.283 +0100 CET,36845,4835
2022-11-25 15:16:11.26 +0100 CET,35466,3520
2022-11-25 15:16:16.253 +0100 CET,34107,2574
2022-11-25 15:16:21.243 +0100 CET,35183,3298
2022-11-25 15:16:26.233 +0100 CET,31677,1471
2022-11-25 15:16:31.223 +0100 CET,30137,1032
2022-11-25 15:16:51.174 +0100 CET,29629,918
2022-11-25 15:18:00.991 +0100 CET,30217,1051
2022-11-25 15:18:05.98 +0100 CET,35617,3644
2022-11-25 15:18:10.97 +0100 CET,37303,5373
2022-11-25 15:20:06.704 +0100 CET,36027,4005
2022-11-25 15:20:10.661 +0100 CET,35292,3381
2022-11-25 15:20:30.613 +0100 CET,34128,2586
2022-11-25 15:20:35.728 +0100 CET,33086,2035
2022-11-25 15:20:40.593 +0100 CET,30800,1202
2022-11-25 15:20:45.587 +0100 CET,30069,1016
2022-11-25 15:21:55.566 +0100 CET,33301,2138
2022-11-25 15:22:00.397 +0100 CET,36497,4463
2022-11-25 15:22:05.387 +0100 CET,37275,5338
2022-11-25 15:22:10.398 +0100 CET,36474,4439
2022-11-25 15:22:15.367 +0100 CET,35248,3347
2022-11-25 15:22:25.344 +0100 CET,36500,4466
2022-11-25 15:22:30.335 +0100 CET,37162,5201
2022-11-25 15:22:50.286 +0100 CET,32510,1782
2022-11-25 15:22:55.276 +0100 CET,30229,1054
2022-11-25 15:23:10.239 +0100 CET,33659,2322
2022-11-25 15:23:15.229 +0100 CET,35948,3933
2022-11-25 15:23:25.206 +0100 CET,37124,5156
2022-11-25 15:23:35.183 +0100 CET,36575,4544
2022-11-25 15:23:40.173 +0100 CET,33397,2186
2022-11-25 15:23:45.167 +0100 CET,30095,1022
2022-11-25 15:23:50.161 +0100 CET,29581,908
2022-11-25 15:23:55.151 +0100 CET,30839,1213
2022-11-25 15:24:00.141 +0100 CET,32809,1909
2022-11-25 15:24:05.131 +0100 CET,35264,3360
2022-11-25 15:24:10.122 +0100 CET,36682,4657
2022-11-25 15:24:35.059 +0100 CET,37192,5237
2022-11-25 15:25:39.891 +0100 CET,35300,3388
2022-11-25 15:25:44.881 +0100 CET,34223,2644
2022-11-25 15:25:49.872 +0100 CET,35133,3260
2022-11-25 15:25:54.862 +0100 CET,36318,4283
2022-11-25 15:25:59.852 +0100 CET,33566,2272
2022-11-25 15:26:04.841 +0100 CET,31881,1542
2022-11-25 15:26:09.831 +0100 CET,33478,2227
2022-11-25 15:26:14.821 +0100 CET,36146,4116
2022-11-25 15:26:19.811 +0100 CET,37033,5049
2022-11-25 15:28:34.456 +0100 CET,34446,2783
2022-11-25 15:28:39.446 +0100 CET,30701,1175
2022-11-25 15:28:54.411 +0100 CET,31496,1411
2022-11-25 15:28:59.4 +0100 CET,32136,1635
2022-11-25 15:29:04.39 +0100 CET,30426,1103
2022-11-25 15:29:29.344 +0100 CET,32463,1763
2022-11-25 15:29:39.307 +0100 CET,31116,1293
2022-11-25 15:29:44.302 +0100 CET,30225,1053
2022-11-25 15:30:24.199 +0100 CET,32423,1747
2022-11-25 15:30:29.189 +0100 CET,35059,3205
2022-11-25 15:30:34.179 +0100 CET,36404,4368
2022-11-25 15:32:28.882 +0100 CET,36404,4368
2022-11-25 15:32:29.245 +0100 CET,36404,4414
2022-11-25 15:35:15.468 +0100 CET,34528,2836
2022-11-25 15:35:20.465 +0100 CET,33039,2013
2022-11-25 15:35:25.524 +0100 CET,33549,2264
2022-11-25 15:35:30.444 +0100 CET,34463,2794
2022-11-25 15:35:35.434 +0100 CET,35270,3364
2022-11-25 15:35:40.424 +0100 CET,35929,3916
2022-11-25 15:36:40.269 +0100 CET,34953,3128
2022-11-25 15:36:45.26 +0100 CET,33774,2384
2022-11-25 15:36:50.249 +0100 CET,31828,1523
2022-11-25 15:36:55.239 +0100 CET,30286,1068
2022-11-25 15:37:00.229 +0100 CET,29356,862
2022-11-25 15:37:10.206 +0100 CET,28820,762
2022-11-25 15:37:25.172 +0100 CET,29416,874
2022-11-25 15:37:35.148 +0100 CET,28905,777
2022-11-25 15:37:55.099 +0100 CET,29528,897
2022-11-25 15:38:10.063 +0100 CET,28944,784
2022-11-25 15:38:35 +0100 CET,28376,688
2022-11-25 15:39:25.023 +0100 CET,30048,1011
2022-11-25 15:39:29.863 +0100 CET,32881,1941
2022-11-25 15:39:34.853 +0100 CET,34314,2700
2022-11-25 15:39:39.847 +0100 CET,34841,3048
2022-11-25 15:39:44.837 +0100 CET,34244,2656
2022-11-25 15:39:54.814 +0100 CET,33229,2103
2022-11-25 15:40:04.791 +0100 CET,34665,2927
2022-11-25 15:40:09.782 +0100 CET,35538,3578
2022-11-25 15:40:24.746 +0100 CET,34641,2911
2022-11-25 15:40:29.735 +0100 CET,32941,1968
2022-11-25 15:40:34.726 +0100 CET,30562,1138
2022-11-25 15:40:39.716 +0100 CET,28944,784
2022-11-25 15:40:44.706 +0100 CET,28402,692
2022-11-25 15:41:14.63 +0100 CET,30889,1227
2022-11-25 15:41:19.619 +0100 CET,33761,2377
2022-11-25 15:41:24.609 +0100 CET,34968,3138
2022-11-25 15:41:34.587 +0100 CET,35486,3536
2022-11-25 15:42:49.392 +0100 CET,34977,3145
2022-11-25 15:44:49.079 +0100 CET,33748,2370
2022-11-25 15:44:54.069 +0100 CET,31236,1329
2022-11-25 15:44:59.091 +0100 CET,28960,787
2022-11-25 15:45:14.022 +0100 CET,28370,687
2022-11-25 15:46:23.84 +0100 CET,28955,786
2022-11-25 15:46:28.83 +0100 CET,31563,1433
2022-11-25 15:46:33.82 +0100 CET,33002,1996
2022-11-25 15:46:38.813 +0100 CET,33855,2429
2022-11-25 15:46:58.764 +0100 CET,34435,2776
2022-11-25 15:47:48.634 +0100 CET,33862,2433
2022-11-25 15:47:53.624 +0100 CET,32781,1897
2022-11-25 15:47:58.615 +0100 CET,30044,1010
2022-11-25 15:48:03.604 +0100 CET,28110,647
2022-11-25 15:48:23.555 +0100 CET,27559,570
2022-11-25 15:51:53.001 +0100 CET,29662,925
2022-11-25 15:51:57.991 +0100 CET,31355,1366
2022-11-25 15:52:02.981 +0100 CET,30623,1154
2022-11-25 15:52:07.971 +0100 CET,28376,688
2022-11-25 15:52:17.95 +0100 CET,29295,850
2022-11-25 15:52:37.899 +0100 CET,27796,602
2022-11-25 15:52:42.889 +0100 CET,27227,528
2022-11-25 15:53:42.732 +0100 CET,26513,448
2022-11-25 15:54:17.644 +0100 CET,27243,530
2022-11-25 15:54:22.635 +0100 CET,29112,815
2022-11-25 15:54:27.625 +0100 CET,30052,1012
2022-11-25 15:54:37.601 +0100 CET,29509,893
2022-11-25 15:54:42.594 +0100 CET,28865,770
2022-11-25 15:54:47.583 +0100 CET,27782,600
2022-11-25 15:54:52.573 +0100 CET,27025,504
2022-11-25 15:55:02.55 +0100 CET,27789,601
2022-11-25 15:55:07.54 +0100 CET,29085,810
2022-11-25 15:55:12.529 +0100 CET,29983,996
2022-11-25 15:55:22.51 +0100 CET,30828,1210
2022-11-25 15:55:52.433 +0100 CET,31572,1436
2022-11-25 15:56:02.409 +0100 CET,30836,1212
2022-11-25 15:56:27.349 +0100 CET,31345,1363
2022-11-25 15:56:32.339 +0100 CET,31951,1567
2022-11-25 15:57:12.236 +0100 CET,31361,1368
2022-11-25 15:57:52.138 +0100 CET,30607,1150
2022-11-25 15:57:57.128 +0100 CET,29619,916
2022-11-25 15:58:02.122 +0100 CET,28803,759
2022-11-25 15:58:07.112 +0100 CET,28156,654
2022-11-25 15:58:17.094 +0100 CET,29340,859
2022-11-25 15:58:22.087 +0100 CET,30306,1073
2022-11-25 15:58:37.051 +0100 CET,30924,1237
2022-11-25 15:58:52.014 +0100 CET,31440,1393
2022-11-25 16:00:06.817 +0100 CET,30868,1221
2022-11-25 16:00:11.807 +0100 CET,30355,1085
2022-11-25 16:00:16.797 +0100 CET,29450,881
2022-11-25 16:00:31.761 +0100 CET,30442,1107
2022-11-25 16:00:46.723 +0100 CET,29600,912
2022-11-25 16:00:51.713 +0100 CET,28877,772
2022-11-25 16:00:56.704 +0100 CET,27994,630
2022-11-25 16:01:01.693 +0100 CET,27076,510
2022-11-25 16:01:31.617 +0100 CET,26043,402
2022-11-25 16:02:06.528 +0100 CET,26999,501
2022-11-25 16:02:31.465 +0100 CET,26284,425
2022-11-25 16:02:41.443 +0100 CET,25379,345
2022-11-25 16:03:26.326 +0100 CET,24669,293
2022-11-25 16:13:54.669 +0100 CET,23962,249
2022-11-25 16:17:54.035 +0100 CET,23243,211
2022-11-25 16:20:58.543 +0100 CET,22529,179
2022-11-25 16:24:03.049 +0100 CET,21819,152
2022-11-25 16:26:12.702 +0100 CET,21106,129
2022-11-25 16:27:22.525 +0100 CET,21106,116
2022-11-25 16:27:54.451 +0100 CET,22989,199
2022-11-25 16:31:18.901 +0100 CET,22279,169
2022-11-25 16:33:48.499 +0100 CET,21554,143
2022-11-25 16:36:23.078 +0100 CET,20828,121
2022-11-25 16:39:22.596 +0100 CET,20087,102
2022-11-25 16:42:07.153 +0100 CET,19345,86
2022-11-25 16:44:41.74 +0100 CET,18634,73
2022-11-25 16:46:56.378 +0100 CET,17924,62
2022-11-25 16:48:56.06 +0100 CET,17161,52
2022-11-25 16:50:50.829 +0100 CET,16533,45
2022-11-25 16:52:50.439 +0100 CET,15798,38
2022-11-25 16:55:10.072 +0100 CET,14914,31
2022-11-25 16:57:59.702 +0100 CET,13803,24
2022-11-25 17:01:04.141 +0100 CET,12305,17
2022-11-25 17:06:23.303 +0100 CET,10001,10
2022-11-25 17:13:57.122 +0100 CET,4772,3
2022-11-25 17:22:15.868 +0100 CET,4772,2
2022-11-25 18:17:08.833 +0100 CET,4772,0
2022-11-25 19:12:01.835 +0100 CET,4772,0
2022-11-25 20:06:54.77 +0100 CET,4772,0
2022-11-25 21:01:47.771 +0100 CET,4772,0
2022-11-25 21:56:40.865 +0100 CET,4772,0
2022-11-25 22:51:33.997 +0100 CET,4772,0
